first_name,restaurants_visited,most_visited_restaurant
Jake,4,the-ice-cream-parlor
Linda,4,johnnys-cashew-stand
Phillip,4,the-restaurant-at-the-end-of-the-universe
Riley,4,bean-juice-stand
Travis,4,johnnys-cashew-stand
Alicia,4,johnnys-cashew-stand
Brandon,4,johnnys-cashew-stand
Cameron,4,the-ice-cream-parlor
Frances,4,the-restaurant-at-the-end-of-the-universe
Jessica,4,the-ice-cream-parlor
Karen,4,the-ice-cream-parlor
Karina,4,johnnys-cashew-stand
Barry,4,bean-juice-stand
Caitlin,4,johnnys-cashew-stand
Clarence,4,bean-juice-stand
Max,4,bean-juice-stand
Micheal,4,johnnys-cashew-stand
Oscar,4,johnnys-cashew-stand
Tom,4,bean-juice-stand
Anthony,4,johnnys-cashew-stand
Ian,4,bean-juice-stand
Jermaine,4,bean-juice-stand
Mindy,4,the-restaurant-at-the-end-of-the-universe
Noah,4,bean-juice-stand
Renee,4,the-restaurant-at-the-end-of-the-universe
Eugene,4,bean-juice-stand
Deanna,4,johnnys-cashew-stand
Julian,4,bean-juice-stand
Keith,4,johnnys-cashew-stand
Roberto,4,the-restaurant-at-the-end-of-the-universe
Alejandra,4,the-ice-cream-parlor
Bianca,4,bean-juice-stand
Caroline,4,bean-juice-stand
Cindy,4,the-ice-cream-parlor
Jackie,4,the-restaurant-at-the-end-of-the-universe
Reginald,4,bean-juice-stand
Summer,4,bean-juice-stand
Tyrone,4,bean-juice-stand
Andrea,4,johnnys-cashew-stand
Angelica,4,the-restaurant-at-the-end-of-the-universe
Darrell,4,johnnys-cashew-stand
Dominic,4,the-ice-cream-parlor
Edward,4,johnnys-cashew-stand
Marcus,4,the-ice-cream-parlor
Phyllis,4,the-restaurant-at-the-end-of-the-universe
Sue,4,the-restaurant-at-the-end-of-the-universe
Terry,4,johnnys-cashew-stand
Karla,4,bean-juice-stand
Adriana,4,johnnys-cashew-stand
Allison,4,johnnys-cashew-stand
Amber,4,johnnys-cashew-stand
Jerome,4,the-restaurant-at-the-end-of-the-universe
Frederick,4,the-ice-cream-parlor
Matthew,4,bean-juice-stand
Ruben,4,bean-juice-stand
Sonia,4,johnnys-cashew-stand
Bobby,4,johnnys-cashew-stand
Heidi,4,johnnys-cashew-stand
Jennifer,4,bean-juice-stand
Lisa,4,the-restaurant-at-the-end-of-the-universe
Malik,4,the-restaurant-at-the-end-of-the-universe
Michelle,4,the-ice-cream-parlor
Tommy,4,the-restaurant-at-the-end-of-the-universe
Danny,4,johnnys-cashew-stand
Ernest,4,johnnys-cashew-stand
Marisa,4,johnnys-cashew-stand
Martha,4,bean-juice-stand
Rose,4,johnnys-cashew-stand
Angela,4,the-ice-cream-parlor
Drew,4,bean-juice-stand
Isaiah,4,the-ice-cream-parlor
Luke,4,bean-juice-stand
Aimee,4,bean-juice-stand
Alice,4,johnnys-cashew-stand
Donald,4,the-ice-cream-parlor
Douglas,4,the-restaurant-at-the-end-of-the-universe
Faith,4,the-ice-cream-parlor
Guy,4,bean-juice-stand
Kenneth,4,the-restaurant-at-the-end-of-the-universe
Marcia,4,the-restaurant-at-the-end-of-the-universe
Meagan,4,the-restaurant-at-the-end-of-the-universe
Sheryl,4,the-ice-cream-parlor
Diana,4,johnnys-cashew-stand
Ivan,4,johnnys-cashew-stand
Amanda,4,the-restaurant-at-the-end-of-the-universe
Destiny,4,johnnys-cashew-stand
Javier,4,the-ice-cream-parlor
Joanne,4,bean-juice-stand
Monica,4,the-ice-cream-parlor
Stuart,4,the-restaurant-at-the-end-of-the-universe
Timothy,4,the-restaurant-at-the-end-of-the-universe
Adam,4,johnnys-cashew-stand
Audrey,4,johnnys-cashew-stand
Cheyenne,4,the-ice-cream-parlor
Jenna,4,the-restaurant-at-the-end-of-the-universe
Kathy,4,bean-juice-stand
Lorraine,4,johnnys-cashew-stand
Maurice,4,johnnys-cashew-stand
Preston,4,bean-juice-stand
Abigail,4,the-ice-cream-parlor
Kristie,4,bean-juice-stand
Rhonda,4,the-ice-cream-parlor
Tina,4,bean-juice-stand
Catherine,4,johnnys-cashew-stand
Cristina,4,johnnys-cashew-stand
Gloria,4,johnnys-cashew-stand
Jacob,4,bean-juice-stand
Kendra,4,bean-juice-stand
Miguel,4,bean-juice-stand
Morgan,4,the-ice-cream-parlor
Sandra,4,bean-juice-stand
Caitlyn,4,johnnys-cashew-stand
Cassidy,4,johnnys-cashew-stand
Debbie,4,bean-juice-stand
Gina,4,bean-juice-stand
Wendy,4,the-ice-cream-parlor
Ana,4,the-restaurant-at-the-end-of-the-universe
Kevin,4,bean-juice-stand
Lawrence,4,johnnys-cashew-stand
Lindsay,4,the-ice-cream-parlor
Joseph,4,johnnys-cashew-stand
Scott,4,the-restaurant-at-the-end-of-the-universe
Wyatt,4,the-restaurant-at-the-end-of-the-universe
Larry,4,johnnys-cashew-stand
Margaret,4,the-ice-cream-parlor
Nathaniel,4,the-restaurant-at-the-end-of-the-universe
Robin,4,johnnys-cashew-stand
Shelby,4,johnnys-cashew-stand
Tricia,4,the-restaurant-at-the-end-of-the-universe
Vickie,4,johnnys-cashew-stand
Clinton,4,the-restaurant-at-the-end-of-the-universe
Dan,4,johnnys-cashew-stand
Daniel,4,johnnys-cashew-stand
Gabriella,4,the-restaurant-at-the-end-of-the-universe
Leon,4,the-restaurant-at-the-end-of-the-universe
Raven,4,the-ice-cream-parlor
Raymond,4,johnnys-cashew-stand
Selena,4,johnnys-cashew-stand
Tanner,4,the-restaurant-at-the-end-of-the-universe
Tabitha,4,the-restaurant-at-the-end-of-the-universe
Brent,4,the-restaurant-at-the-end-of-the-universe
Carrie,4,johnnys-cashew-stand
Chad,4,the-ice-cream-parlor
Francisco,4,the-restaurant-at-the-end-of-the-universe
Justin,4,the-ice-cream-parlor
Marie,4,bean-juice-stand
Peggy,4,the-restaurant-at-the-end-of-the-universe
Virginia,4,the-restaurant-at-the-end-of-the-universe
Alec,4,bean-juice-stand
Benjamin,4,johnnys-cashew-stand
Cole,4,johnnys-cashew-stand
Dillon,4,bean-juice-stand
Erica,4,johnnys-cashew-stand
Jane,4,bean-juice-stand
Seth,4,the-ice-cream-parlor
Wayne,4,johnnys-cashew-stand
Clifford,4,the-restaurant-at-the-end-of-the-universe
Evelyn,4,the-restaurant-at-the-end-of-the-universe
Nicole,4,johnnys-cashew-stand
Brittney,4,bean-juice-stand
Calvin,4,bean-juice-stand
Don,4,bean-juice-stand
Holly,4,bean-juice-stand
Lee,4,johnnys-cashew-stand
Stacy,4,bean-juice-stand
Hayden,4,johnnys-cashew-stand
Jose,4,bean-juice-stand
Levi,4,the-restaurant-at-the-end-of-the-universe
Logan,4,the-ice-cream-parlor
Makayla,4,johnnys-cashew-stand
Norman,4,johnnys-cashew-stand
Paula,4,the-restaurant-at-the-end-of-the-universe
Edgar,4,bean-juice-stand
Janet,4,the-restaurant-at-the-end-of-the-universe
Judy,4,johnnys-cashew-stand
Leah,4,the-ice-cream-parlor
Lonnie,4,bean-juice-stand
Jo,4,the-restaurant-at-the-end-of-the-universe
Joan,4,johnnys-cashew-stand
Sergio,4,johnnys-cashew-stand
Breanna,4,the-ice-cream-parlor
Collin,4,the-restaurant-at-the-end-of-the-universe
Kristin,4,the-restaurant-at-the-end-of-the-universe
Lucas,4,the-restaurant-at-the-end-of-the-universe
Rebekah,4,the-restaurant-at-the-end-of-the-universe
Sean,4,johnnys-cashew-stand
Tamara,4,bean-juice-stand
Ariana,4,the-ice-cream-parlor
Belinda,4,bean-juice-stand
Dalton,4,the-ice-cream-parlor
Ebony,4,the-ice-cream-parlor
Shannon,4,the-restaurant-at-the-end-of-the-universe
Terrance,4,johnnys-cashew-stand
Terri,4,johnnys-cashew-stand
Jeff,4,johnnys-cashew-stand
Mckenzie,4,johnnys-cashew-stand
Mitchell,4,the-ice-cream-parlor
Ross,4,bean-juice-stand
Brooke,4,johnnys-cashew-stand
Carla,4,bean-juice-stand
Cory,4,johnnys-cashew-stand
Darren,4,bean-juice-stand
Devin,4,the-ice-cream-parlor
Devon,4,the-restaurant-at-the-end-of-the-universe
Nathan,4,johnnys-cashew-stand
Rita,4,the-ice-cream-parlor
Todd,4,johnnys-cashew-stand
Victoria,4,johnnys-cashew-stand
Anna,4,the-restaurant-at-the-end-of-the-universe
Colin,4,bean-juice-stand
Kristina,4,bean-juice-stand
Olivia,4,the-ice-cream-parlor
Andres,4,the-restaurant-at-the-end-of-the-universe
Brandy,4,the-restaurant-at-the-end-of-the-universe
Dominique,4,johnnys-cashew-stand
Jonathon,4,johnnys-cashew-stand
Kristen,4,the-ice-cream-parlor
Michael,4,the-ice-cream-parlor
Shelley,4,the-restaurant-at-the-end-of-the-universe
Stanley,4,the-restaurant-at-the-end-of-the-universe
Steven,4,the-restaurant-at-the-end-of-the-universe
Tammy,4,the-ice-cream-parlor
Eileen,4,johnnys-cashew-stand
Erik,4,johnnys-cashew-stand
Hailey,4,johnnys-cashew-stand
Kelly,4,bean-juice-stand
Molly,4,the-restaurant-at-the-end-of-the-universe
Dave,4,johnnys-cashew-stand
Geoffrey,4,johnnys-cashew-stand
Kelli,4,johnnys-cashew-stand
Patricia,4,the-restaurant-at-the-end-of-the-universe
Tracie,4,bean-juice-stand
Troy,4,bean-juice-stand
Darlene,4,johnnys-cashew-stand
Hector,4,johnnys-cashew-stand
Natasha,4,johnnys-cashew-stand
Perry,4,the-restaurant-at-the-end-of-the-universe
Theodore,4,bean-juice-stand
Veronica,4,bean-juice-stand
Christina,4,the-ice-cream-parlor
Connie,4,the-ice-cream-parlor
Krista,4,bean-juice-stand
Marissa,4,the-ice-cream-parlor
Meghan,4,the-ice-cream-parlor
Omar,4,the-ice-cream-parlor
Whitney,4,bean-juice-stand
Yvette,4,bean-juice-stand
Emily,4,the-ice-cream-parlor
Evan,4,the-restaurant-at-the-end-of-the-universe
Rebecca,4,johnnys-cashew-stand
Roberta,4,bean-juice-stand
Ronnie,4,bean-juice-stand
Tonya,4,the-ice-cream-parlor
Candace,4,the-ice-cream-parlor
Cynthia,4,the-restaurant-at-the-end-of-the-universe
Fred,4,bean-juice-stand
Garrett,4,the-ice-cream-parlor
Gwendolyn,4,the-ice-cream-parlor
Leonard,4,bean-juice-stand
Maria,4,the-restaurant-at-the-end-of-the-universe
Maxwell,4,the-restaurant-at-the-end-of-the-universe
Ronald,4,johnnys-cashew-stand
Alex,4,the-restaurant-at-the-end-of-the-universe
Carolyn,4,johnnys-cashew-stand
Kaitlin,4,the-restaurant-at-the-end-of-the-universe
Meredith,4,bean-juice-stand
Brett,4,bean-juice-stand
Brittany,4,bean-juice-stand
Caleb,4,johnnys-cashew-stand
Gene,4,bean-juice-stand
Harold,4,bean-juice-stand
Katherine,4,johnnys-cashew-stand
Teresa,4,johnnys-cashew-stand
Cristian,4,johnnys-cashew-stand
Howard,4,the-restaurant-at-the-end-of-the-universe
Jasmine,4,johnnys-cashew-stand
Katrina,4,johnnys-cashew-stand
Lindsey,4,bean-juice-stand
Sherry,4,the-ice-cream-parlor
Gary,4,the-restaurant-at-the-end-of-the-universe
Marilyn,4,the-restaurant-at-the-end-of-the-universe
Rickey,4,the-ice-cream-parlor
Sharon,4,bean-juice-stand
Brandi,4,bean-juice-stand
Fernando,4,bean-juice-stand
Gail,4,johnnys-cashew-stand
Joe,4,the-ice-cream-parlor
Joel,4,the-ice-cream-parlor
Kathryn,4,the-ice-cream-parlor
Tami,4,the-restaurant-at-the-end-of-the-universe
Christine,4,the-restaurant-at-the-end-of-the-universe
Helen,4,johnnys-cashew-stand
Kurt,4,bean-juice-stand
Wesley,4,the-restaurant-at-the-end-of-the-universe
Dana,4,the-restaurant-at-the-end-of-the-universe
Erika,4,bean-juice-stand
Franklin,4,johnnys-cashew-stand
Judith,4,the-ice-cream-parlor
Suzanne,4,the-restaurant-at-the-end-of-the-universe
Victor,4,johnnys-cashew-stand
Christopher,4,the-ice-cream-parlor
Derek,4,bean-juice-stand
Kaitlyn,4,the-restaurant-at-the-end-of-the-universe
Madeline,4,the-ice-cream-parlor
Shelly,4,johnnys-cashew-stand
Sheri,4,johnnys-cashew-stand
Tiffany,4,the-ice-cream-parlor
Ethan,4,johnnys-cashew-stand
Yesenia,4,the-ice-cream-parlor
Andre,4,the-ice-cream-parlor
Carmen,4,bean-juice-stand
Jill,4,bean-juice-stand
Savannah,4,bean-juice-stand
Tara,4,bean-juice-stand
Wanda,4,bean-juice-stand
Arthur,4,the-restaurant-at-the-end-of-the-universe
Connor,4,the-ice-cream-parlor
Diane,4,the-restaurant-at-the-end-of-the-universe
Katie,4,johnnys-cashew-stand
Louis,4,bean-juice-stand
Tanya,4,the-ice-cream-parlor
Brendan,4,the-restaurant-at-the-end-of-the-universe
Susan,4,bean-juice-stand
Angel,4,johnnys-cashew-stand
Ashley,4,johnnys-cashew-stand
Bradley,4,the-restaurant-at-the-end-of-the-universe
Elizabeth,4,bean-juice-stand
Penny,4,johnnys-cashew-stand
Alexandria,4,the-ice-cream-parlor
Carlos,4,bean-juice-stand
Eddie,4,bean-juice-stand
Julie,4,the-restaurant-at-the-end-of-the-universe
Mathew,4,bean-juice-stand
Melvin,4,the-restaurant-at-the-end-of-the-universe
Cody,4,the-ice-cream-parlor
Janice,4,johnnys-cashew-stand
Charlotte,4,the-ice-cream-parlor
Colleen,4,the-restaurant-at-the-end-of-the-universe
Dean,4,johnnys-cashew-stand
Hayley,4,johnnys-cashew-stand
Mariah,4,the-ice-cream-parlor
Ruth,4,the-ice-cream-parlor
William,4,the-ice-cream-parlor
Eduardo,4,bean-juice-stand
Elaine,4,bean-juice-stand
Joshua,4,bean-juice-stand
Mark,4,bean-juice-stand
Martin,4,bean-juice-stand
Parker,4,johnnys-cashew-stand
Randy,4,the-ice-cream-parlor
Roger,4,johnnys-cashew-stand
Sabrina,4,the-restaurant-at-the-end-of-the-universe
Billy,4,the-restaurant-at-the-end-of-the-universe
Bruce,4,johnnys-cashew-stand
Deborah,4,the-restaurant-at-the-end-of-the-universe
Dustin,4,the-ice-cream-parlor
Hunter,4,the-ice-cream-parlor
Nichole,4,bean-juice-stand
Adrienne,4,bean-juice-stand
Bridget,4,bean-juice-stand
Claudia,4,bean-juice-stand
Jacqueline,4,bean-juice-stand
Katelyn,4,the-ice-cream-parlor
Melody,4,the-restaurant-at-the-end-of-the-universe
Miranda,4,the-ice-cream-parlor
Shirley,4,the-restaurant-at-the-end-of-the-universe
Bryan,4,johnnys-cashew-stand
David,4,the-restaurant-at-the-end-of-the-universe
Gabrielle,4,johnnys-cashew-stand
Luis,4,johnnys-cashew-stand
Daisy,4,johnnys-cashew-stand
Julia,4,the-restaurant-at-the-end-of-the-universe
Paige,4,johnnys-cashew-stand
Theresa,4,bean-juice-stand
Tracy,4,johnnys-cashew-stand
Rachel,4,johnnys-cashew-stand
Shelia,4,johnnys-cashew-stand
Ann,4,bean-juice-stand
Kristine,4,bean-juice-stand
Philip,4,johnnys-cashew-stand
Christian,4,johnnys-cashew-stand
Jamie,4,johnnys-cashew-stand
Madison,4,bean-juice-stand
Alexandra,4,bean-juice-stand
Grant,4,the-restaurant-at-the-end-of-the-universe
Maureen,4,the-restaurant-at-the-end-of-the-universe
Mikayla,4,johnnys-cashew-stand
Trevor,4,johnnys-cashew-stand
Doris,4,the-ice-cream-parlor
Glen,4,johnnys-cashew-stand
Jimmy,4,johnnys-cashew-stand
Krystal,4,bean-juice-stand
Melissa,4,johnnys-cashew-stand
Shawna,4,the-ice-cream-parlor
Sierra,4,the-ice-cream-parlor
Adrian,4,the-ice-cream-parlor
Beverly,4,the-ice-cream-parlor
Herbert,4,the-restaurant-at-the-end-of-the-universe
Spencer,4,bean-juice-stand
Aaron,4,the-restaurant-at-the-end-of-the-universe
Chelsea,4,bean-juice-stand
Danielle,4,the-ice-cream-parlor
Dennis,4,johnnys-cashew-stand
Ellen,4,the-ice-cream-parlor
Jeanne,4,the-restaurant-at-the-end-of-the-universe
Joann,4,the-restaurant-at-the-end-of-the-universe
Jocelyn,4,the-restaurant-at-the-end-of-the-universe
Kylie,4,bean-juice-stand
Shari,4,bean-juice-stand
Traci,4,the-ice-cream-parlor
Tyler,4,bean-juice-stand
Chris,4,the-ice-cream-parlor
Jenny,4,johnnys-cashew-stand
Loretta,4,johnnys-cashew-stand
Megan,4,the-ice-cream-parlor
Michaela,4,bean-juice-stand
Nicolas,4,bean-juice-stand
Stefanie,4,the-restaurant-at-the-end-of-the-universe
Barbara,4,the-restaurant-at-the-end-of-the-universe
Bryce,4,the-ice-cream-parlor
Desiree,4,johnnys-cashew-stand
Kirsten,4,the-ice-cream-parlor
Mia,4,the-ice-cream-parlor
Sheila,4,johnnys-cashew-stand
Annette,4,the-ice-cream-parlor
Gerald,4,the-restaurant-at-the-end-of-the-universe
Jackson,4,bean-juice-stand
Lori,4,the-restaurant-at-the-end-of-the-universe
Mercedes,4,bean-juice-stand
Zachary,4,the-ice-cream-parlor
Harry,4,the-restaurant-at-the-end-of-the-universe
Jim,4,johnnys-cashew-stand
Manuel,4,bean-juice-stand
Monique,4,bean-juice-stand
Autumn,4,the-restaurant-at-the-end-of-the-universe
Cassandra,4,the-ice-cream-parlor
Debra,4,the-ice-cream-parlor
Grace,4,the-ice-cream-parlor
Jason,4,the-restaurant-at-the-end-of-the-universe
Valerie,4,the-ice-cream-parlor
Alison,4,the-ice-cream-parlor
Cassie,4,johnnys-cashew-stand
Pedro,4,bean-juice-stand
Alan,4,bean-juice-stand
Christie,4,the-ice-cream-parlor
Darin,4,the-ice-cream-parlor
Erin,4,johnnys-cashew-stand
Jaclyn,4,the-restaurant-at-the-end-of-the-universe
Samantha,4,johnnys-cashew-stand
Sophia,4,johnnys-cashew-stand
Duane,4,the-restaurant-at-the-end-of-the-universe
Gabriel,4,johnnys-cashew-stand
Gilbert,4,the-restaurant-at-the-end-of-the-universe
Juan,4,bean-juice-stand
Kim,4,bean-juice-stand
Rodney,4,johnnys-cashew-stand
Heather,4,the-ice-cream-parlor
Karl,4,the-restaurant-at-the-end-of-the-universe
Bernard,4,bean-juice-stand
Emma,4,the-restaurant-at-the-end-of-the-universe
Greg,4,the-restaurant-at-the-end-of-the-universe
Jasmin,4,the-ice-cream-parlor
Kari,4,johnnys-cashew-stand
Latoya,4,the-ice-cream-parlor
Kristopher,4,bean-juice-stand
Laurie,4,the-ice-cream-parlor
Walter,4,bean-juice-stand
Johnathan,4,bean-juice-stand
Sonya,4,the-ice-cream-parlor
Austin,4,johnnys-cashew-stand
Blake,4,bean-juice-stand
Darryl,4,bean-juice-stand
Jeanette,4,the-ice-cream-parlor
Pam,4,the-restaurant-at-the-end-of-the-universe
Vanessa,4,johnnys-cashew-stand
Alexa,4,the-ice-cream-parlor
Alyssa,4,johnnys-cashew-stand
Dawn,4,the-ice-cream-parlor
Willie,4,johnnys-cashew-stand
Brenda,4,the-ice-cream-parlor
Dylan,4,johnnys-cashew-stand
Glenda,4,johnnys-cashew-stand
Isaac,4,the-restaurant-at-the-end-of-the-universe
John,4,bean-juice-stand
Randall,4,johnnys-cashew-stand
Albert,4,the-restaurant-at-the-end-of-the-universe
Charles,4,the-restaurant-at-the-end-of-the-universe
Crystal,4,johnnys-cashew-stand
Donna,4,johnnys-cashew-stand
Jerry,4,the-restaurant-at-the-end-of-the-universe
Kimberly,4,bean-juice-stand
Rick,4,bean-juice-stand
Sydney,4,the-ice-cream-parlor
Tracey,4,bean-juice-stand
Zoe,4,the-ice-cream-parlor
Cheryl,4,bean-juice-stand
Gordon,4,the-ice-cream-parlor
Jaime,4,the-ice-cream-parlor
Carol,4,bean-juice-stand
Craig,4,johnnys-cashew-stand
Curtis,4,johnnys-cashew-stand
Jeremiah,4,johnnys-cashew-stand
Joyce,4,johnnys-cashew-stand
Misty,4,bean-juice-stand
Patrick,4,bean-juice-stand
Beth,4,the-restaurant-at-the-end-of-the-universe
Clayton,4,the-restaurant-at-the-end-of-the-universe
Corey,4,the-restaurant-at-the-end-of-the-universe
Dorothy,4,the-ice-cream-parlor
Kristy,4,the-restaurant-at-the-end-of-the-universe
Ryan,4,bean-juice-stand
Sarah,4,bean-juice-stand
Vincent,4,johnnys-cashew-stand
Alexis,4,the-ice-cream-parlor
Sally,4,the-ice-cream-parlor
Becky,4,the-restaurant-at-the-end-of-the-universe
Brianna,4,the-restaurant-at-the-end-of-the-universe
Isabel,4,bean-juice-stand
Jeremy,4,the-restaurant-at-the-end-of-the-universe
Kara,4,johnnys-cashew-stand
Kayla,4,bean-juice-stand
Kellie,4,the-ice-cream-parlor
Kristi,4,bean-juice-stand
Sheena,4,johnnys-cashew-stand
April,4,the-restaurant-at-the-end-of-the-universe
Jay,4,bean-juice-stand
Joanna,4,the-restaurant-at-the-end-of-the-universe
Jonathan,4,the-ice-cream-parlor
Nina,4,the-restaurant-at-the-end-of-the-universe
Sherri,4,johnnys-cashew-stand
Terrence,4,the-restaurant-at-the-end-of-the-universe
Frank,4,bean-juice-stand
Shaun,4,the-restaurant-at-the-end-of-the-universe
Bob,4,the-ice-cream-parlor
Cathy,4,the-restaurant-at-the-end-of-the-universe
George,4,the-ice-cream-parlor
Lydia,4,the-ice-cream-parlor
Briana,4,johnnys-cashew-stand
Edwin,4,the-restaurant-at-the-end-of-the-universe
Jon,4,the-restaurant-at-the-end-of-the-universe
Kiara,4,the-ice-cream-parlor
Lynn,4,bean-juice-stand
Charlene,4,the-ice-cream-parlor
Francis,4,bean-juice-stand
Mario,4,the-restaurant-at-the-end-of-the-universe
Tim,4,johnnys-cashew-stand
Antonio,4,bean-juice-stand
Elijah,4,the-ice-cream-parlor
Michele,4,bean-juice-stand
Taylor,4,bean-juice-stand
Dakota,4,bean-juice-stand
Johnny,4,the-ice-cream-parlor
Pamela,4,bean-juice-stand
Rachael,4,bean-juice-stand
Warren,4,johnnys-cashew-stand
Brad,4,the-ice-cream-parlor
Chloe,4,johnnys-cashew-stand
Hannah,4,the-restaurant-at-the-end-of-the-universe
Samuel,4,the-ice-cream-parlor
Yvonne,4,the-ice-cream-parlor
Jeffery,4,the-ice-cream-parlor
Cesar,4,johnnys-cashew-stand
Colton,4,bean-juice-stand
Darius,4,bean-juice-stand
Sylvia,4,bean-juice-stand
Yolanda,4,the-ice-cream-parlor
Henry,4,the-restaurant-at-the-end-of-the-universe
Jody,4,the-restaurant-at-the-end-of-the-universe
Nancy,4,the-restaurant-at-the-end-of-the-universe
Richard,4,the-restaurant-at-the-end-of-the-universe
Sara,4,the-restaurant-at-the-end-of-the-universe
Mallory,4,the-restaurant-at-the-end-of-the-universe
Melinda,4,johnnys-cashew-stand
Russell,4,the-restaurant-at-the-end-of-the-universe
Carly,4,the-restaurant-at-the-end-of-the-universe
Casey,4,the-restaurant-at-the-end-of-the-universe
Nicholas,4,the-ice-cream-parlor
Ray,4,bean-juice-stand
Stephanie,4,the-restaurant-at-the-end-of-the-universe
Natalie,4,the-ice-cream-parlor
Norma,4,the-ice-cream-parlor
Damon,4,the-ice-cream-parlor
Derrick,4,johnnys-cashew-stand
Diamond,4,the-restaurant-at-the-end-of-the-universe
Kerri,4,the-restaurant-at-the-end-of-the-universe
Bonnie,4,the-ice-cream-parlor
Candice,4,johnnys-cashew-stand
Mackenzie,4,bean-juice-stand
Steve,4,bean-juice-stand
Andrew,4,the-ice-cream-parlor
Bethany,4,bean-juice-stand
Jorge,4,the-restaurant-at-the-end-of-the-universe
Kyle,4,bean-juice-stand
Ricky,4,bean-juice-stand
Shawn,4,johnnys-cashew-stand
Tasha,4,the-restaurant-at-the-end-of-the-universe
Alvin,4,bean-juice-stand
Chelsey,4,bean-juice-stand
Gavin,4,the-restaurant-at-the-end-of-the-universe
Isabella,4,bean-juice-stand
Marc,4,the-restaurant-at-the-end-of-the-universe
Marvin,4,bean-juice-stand
Neil,4,johnnys-cashew-stand
Alexander,4,johnnys-cashew-stand
Betty,4,bean-juice-stand
Dwayne,4,the-ice-cream-parlor
Jade,4,the-ice-cream-parlor
Kerry,4,johnnys-cashew-stand
Leslie,4,bean-juice-stand
Melanie,4,johnnys-cashew-stand
Claire,4,the-ice-cream-parlor
James,4,bean-juice-stand
Laura,4,the-ice-cream-parlor
Shane,4,bean-juice-stand
Alisha,4,johnnys-cashew-stand
Ashlee,4,johnnys-cashew-stand
Bailey,4,johnnys-cashew-stand
Dale,4,the-restaurant-at-the-end-of-the-universe
Felicia,4,the-ice-cream-parlor
Latasha,4,the-ice-cream-parlor
Lauren,4,the-restaurant-at-the-end-of-the-universe
Bill,4,johnnys-cashew-stand
Carl,4,johnnys-cashew-stand
Gregory,4,bean-juice-stand
Lacey,4,bean-juice-stand
Tony,4,johnnys-cashew-stand
Amy,4,bean-juice-stand
Gregg,4,bean-juice-stand
Kathleen,4,bean-juice-stand
Angie,4,the-ice-cream-parlor
Ariel,4,the-restaurant-at-the-end-of-the-universe
Christy,4,the-restaurant-at-the-end-of-the-universe
Jeffrey,4,the-ice-cream-parlor
Jesus,4,the-restaurant-at-the-end-of-the-universe
Thomas,4,johnnys-cashew-stand
Tristan,4,johnnys-cashew-stand
Vicki,4,the-ice-cream-parlor
Glenn,4,the-ice-cream-parlor
Jesse,4,johnnys-cashew-stand
Priscilla,4,johnnys-cashew-stand
Robert,4,the-restaurant-at-the-end-of-the-universe
Kirk,4,johnnys-cashew-stand
Peter,4,the-restaurant-at-the-end-of-the-universe
Vernon,4,the-restaurant-at-the-end-of-the-universe
Jean,4,johnnys-cashew-stand
Jodi,4,bean-juice-stand
Joy,4,bean-juice-stand
Alejandro,4,the-restaurant-at-the-end-of-the-universe
Anne,4,the-restaurant-at-the-end-of-the-universe
Courtney,4,johnnys-cashew-stand
Jared,4,johnnys-cashew-stand
Marco,4,the-ice-cream-parlor
Paul,4,bean-juice-stand
Roy,4,the-ice-cream-parlor
Sandy,4,the-ice-cream-parlor
Toni,4,johnnys-cashew-stand
Xavier,4,the-restaurant-at-the-end-of-the-universe
Brady,4,the-restaurant-at-the-end-of-the-universe
Kelsey,4,the-restaurant-at-the-end-of-the-universe
Ricardo,4,the-restaurant-at-the-end-of-the-universe
Earl,4,johnnys-cashew-stand
Jordan,4,bean-juice-stand
Tammie,4,johnnys-cashew-stand
Kaylee,4,bean-juice-stand
Lance,4,the-ice-cream-parlor
Stephen,4,the-restaurant-at-the-end-of-the-universe
Jillian,4,the-restaurant-at-the-end-of-the-universe
Mike,4,the-ice-cream-parlor
Haley,4,the-ice-cream-parlor
Mary,4,bean-juice-stand
Regina,4,the-restaurant-at-the-end-of-the-universe
Alfred,4,johnnys-cashew-stand
Gabriela,4,bean-juice-stand
Allen,4,johnnys-cashew-stand
Anita,4,bean-juice-stand
Brian,4,bean-juice-stand
Chase,4,the-restaurant-at-the-end-of-the-universe
Jack,4,bean-juice-stand
Mason,4,johnnys-cashew-stand
Patty,4,the-ice-cream-parlor
Stacey,4,johnnys-cashew-stand
Denise,4,bean-juice-stand
Eric,4,johnnys-cashew-stand
Leroy,4,bean-juice-stand
Ralph,4,the-restaurant-at-the-end-of-the-universe
Stacie,4,bean-juice-stand
Robyn,3,the-restaurant-at-the-end-of-the-universe
Daryl,3,johnnys-cashew-stand
Mandy,3,the-restaurant-at-the-end-of-the-universe
Kent,3,the-restaurant-at-the-end-of-the-universe
